{
        "@primary-color": "#05C494",
        "@link-color": "#05C494",
        "@form-item-margin-bottom": "5px",
        "@heading-color": "rgba(0,56,75, 1)",
        "@text-color": "rgba(0,56,75, 0.9)",
        "@text-color-secondary": "rgba(0,56,75, 0.85)",
        "@border-radius-base": "2px",
        "@font-size-base": "12px",
        "@background-color-base": "#fdfdfd",
        "@font-family": "'Microsoft YaHei', 'Helvetica Neue For Number', -apple-system, BlinkMacSystemFont, 'Segoe UI', Roboto, 'PingFang SC', 'Hiragino Sans GB', 'Microsoft YaHei', 'Helvetica Neue', Helvetica, Arial, sans-serif;"
}
